[{"id":"H1258618","name":"Moevenpick Hotel Sanaa","City Name":"Sana'a","countryName":"Yemen","countryCode":"YE"},{"id":"H1258128","name":"Sheraton Sana'a","City Name":"Sana'a","countryName":"Yemen","countryCode":"YE"},{"id":"R751","name":"Beidah","City Name":"Undefined","countryName":"Yemen","countryCode":"YE"},{"id":"R721","name":"Albuq","City Name":"Undefined","countryName":"Yemen","countryCode":"YE"},{"id":"R1410","name":"Seiyun","City Name":"Undefined","countryName":"Yemen","countryCode":"YE"},{"id":"R261","name":"Al Ghaydah","City Name":"Undefined","countryName":"Yemen","countryCode":"YE"},{"id":"R3001","name":"Riyan","City Name":"Undefined","countryName":"Yemen","countryCode":"YE"},{"id":"R965843378","name":"Wadi Ain","City Name":"Undefined","countryName":"Yemen","countryCode":"YE"},{"id":"R6115693","name":"Cisterns of Tawila","City Name":"Undefined","countryName":"Yemen","countryCode":"YE"},{"id":"R6115707","name":"Suq al-Miln","City Name":"Undefined","countryName":"Yemen","countryCode":"YE"},{"id":"R6115713","name":"Rock Palace","City Name":"Undefined","countryName":"Yemen","countryCode":"YE"},{"id":"R6115715","name":"Presidential Palace","City Name":"Undefined","countryName":"Yemen","countryCode":"YE"},{"id":"R6115717","name":"Parliament Building","City Name":"Undefined","countryName":"Yemen","countryCode":"YE"},{"id":"H360424","name":"Ramada Al Mukalla","City Name":"Riyan","countryName":"Yemen","countryCode":"YE"},{"id":"R1755","name":"Kamaran Island","City Name":"Undefined","countryName":"Yemen","countryCode":"YE"},{"id":"R3100","name":"Socotra","City Name":"Undefined","countryName":"Yemen","countryCode":"YE"},{"id":"R965845087","name":"Riyan Mukalla","City Name":"Undefined","countryName":"Yemen","countryCode":"YE"},{"id":"R965844974","name":"Raudha","City Name":"Undefined","countryName":"Yemen","countryCode":"YE"},{"id":"R965845156","name":"Sadah","City Name":"Undefined","countryName":"Yemen","countryCode":"YE"},{"id":"R965845008","name":"Dhamar","City Name":"Undefined","countryName":"Yemen","countryCode":"YE"},{"id":"R965844009","name":"Abbse","City Name":"Undefined","countryName":"Yemen","countryCode":"YE"},{"id":"R602859","name":"Sana'a","City Name":"Undefined","countryName":"Yemen","countryCode":"YE"},{"id":"R6115699","name":"Aden Millitary Museum","City Name":"Undefined","countryName":"Yemen","countryCode":"YE"},{"id":"R6115705","name":"Altawra Sports City Stadium","City Name":"Undefined","countryName":"Yemen","countryCode":"YE"},{"id":"H76732","name":"Mercure Aden","City Name":"Aden","countryName":"Yemen","countryCode":"YE"},{"id":"R290","name":"Aden","City Name":"Undefined","countryName":"Yemen","countryCode":"YE"},{"id":"R965845883","name":"Mayfa'ah","City Name":"Undefined","countryName":"Yemen","countryCode":"YE"},{"id":"R6023786","name":"Mukalla","City Name":"Undefined","countryName":"Yemen","countryCode":"YE"},{"id":"R474","name":"Ataq","City Name":"Undefined","countryName":"Yemen","countryCode":"YE"},{"id":"R6115691","name":"Wadi Doan Valley","City Name":"Undefined","countryName":"Yemen","countryCode":"YE"},{"id":"R6115719","name":"National Museum","City Name":"Undefined","countryName":"Yemen","countryCode":"YE"}]