[{"id":"H809013","name":"Emmersdale Lodge","City Name":"Lusaka","countryName":"Zambia","countryCode":"ZM"},{"id":"H1004594","name":"Fallsway Apartments Louden Court","City Name":"Lusaka","countryName":"Zambia","countryCode":"ZM"},{"id":"H1005125","name":"Kalulu Backpackers","City Name":"Lusaka","countryName":"Zambia","countryCode":"ZM"},{"id":"H50284","name":"Plot 35 Guest Lodge","City Name":"Kitwe","countryName":"Zambia","countryCode":"ZM"},{"id":"H55132","name":"Icon Hotel Chingola","City Name":"Chingola","countryName":"Zambia","countryCode":"ZM"},{"id":"H318941","name":"Naluzip Guest House","City Name":"Livingstone","countryName":"Zambia","countryCode":"ZM"},{"id":"H809355","name":"Bome Residence","City Name":"Lusaka","countryName":"Zambia","countryCode":"ZM"},{"id":"H810042","name":"Mika Hotel, Kabulonga","City Name":"Lusaka","countryName":"Zambia","countryCode":"ZM"},{"id":"H809876","name":"Zambia Golden Peacock Hotel","City Name":"Lusaka","countryName":"Zambia","countryCode":"ZM"},{"id":"H810462","name":"Red Roof Inn","City Name":"Lusaka","countryName":"Zambia","countryCode":"ZM"},{"id":"H1291599","name":"Twangale Park Lodge","City Name":"Lusaka","countryName":"Zambia","countryCode":"ZM"},{"id":"H1261293","name":"Mika Convention Center Meanwood","City Name":"Lusaka","countryName":"Zambia","countryCode":"ZM"},{"id":"H34757","name":"Imperial Lodges","City Name":"Lusaka","countryName":"Zambia","countryCode":"ZM"},{"id":"H198449","name":"G Greens Lodge","City Name":"Lusaka","countryName":"Zambia","countryCode":"ZM"},{"id":"H198759","name":"Down Stream Lodge","City Name":"Lusaka","countryName":"Zambia","countryCode":"ZM"},{"id":"H199483","name":"Lechwe Cottage","City Name":"Lusaka","countryName":"Zambia","countryCode":"ZM"},{"id":"H1122908","name":"Natwange Backpackers","City Name":"Lusaka","countryName":"Zambia","countryCode":"ZM"},{"id":"H628651","name":"Mu-Fungata Safaris","City Name":"Kafue National Park","countryName":"Zambia","countryCode":"ZM"},{"id":"H523028","name":"Dazi Lodge 1","City Name":"Kitwe","countryName":"Zambia","countryCode":"ZM"},{"id":"H1112801","name":"Cross Roads Lodge Livingstone","City Name":"Livingstone","countryName":"Zambia","countryCode":"ZM"},{"id":"H478789","name":"Nyachimiko","City Name":"Lusaka","countryName":"Zambia","countryCode":"ZM"},{"id":"H407680","name":"Concept Travel Tours Lodge","City Name":"Livingstone","countryName":"Zambia","countryCode":"ZM"},{"id":"H445719","name":"Asenga Executive Lodge","City Name":"Livingstone","countryName":"Zambia","countryCode":"ZM"},{"id":"H747274","name":"Mu Fungata Safari Lodge","City Name":"Kafue National Park","countryName":"Zambia","countryCode":"ZM"},{"id":"H1124421","name":"Cresta Golfview Hotel","City Name":"Lusaka","countryName":"Zambia","countryCode":"ZM"},{"id":"H94660","name":"Fallsview Lodge","City Name":"Livingstone","countryName":"Zambia","countryCode":"ZM"},{"id":"H482538","name":"Roma Gardens","City Name":"Lusaka","countryName":"Zambia","countryCode":"ZM"},{"id":"H484136","name":"Troy Serviced Apartments","City Name":"Lusaka","countryName":"Zambia","countryCode":"ZM"},{"id":"H319340","name":"ZigZag Town Lodge","City Name":"Livingstone","countryName":"Zambia","countryCode":"ZM"},{"id":"H76228","name":"Kubu Kweena Lodge","City Name":"Kafue National Park","countryName":"Zambia","countryCode":"ZM"},{"id":"H318244","name":"Road Lodge Livingstone","City Name":"Livingstone","countryName":"Zambia","countryCode":"ZM"},{"id":"H733199","name":"Hotel Edinburgh","City Name":"Kitwe","countryName":"Zambia","countryCode":"ZM"},{"id":"H358005","name":"Fallsway Apartments Burley Court","City Name":"Lusaka","countryName":"Zambia","countryCode":"ZM"},{"id":"H358755","name":"Lusaka House for Rent","City Name":"Lusaka","countryName":"Zambia","countryCode":"ZM"},{"id":"H358837","name":"Nobutula Lodge","City Name":"Kitwe","countryName":"Zambia","countryCode":"ZM"},{"id":"H359196","name":"Trackers Guest House","City Name":"Lusaka","countryName":"Zambia","countryCode":"ZM"},{"id":"H358984","name":"Fatmols Executive Lodge","City Name":"Lusaka","countryName":"Zambia","countryCode":"ZM"},{"id":"H1122844","name":"Tongabezi Lodge","City Name":"Livingstone","countryName":"Zambia","countryCode":"ZM"},{"id":"H894385","name":"Sanctuary Puku Ridge Camp","City Name":"South Luangwa National Park","countryName":"Zambia","countryCode":"ZM"},{"id":"H155436","name":"Stanley Safari Lodge","City Name":"Livingstone","countryName":"Zambia","countryCode":"ZM"},{"id":"H888888","name":"Ukadzi Guest House","City Name":"Ndola","countryName":"Zambia","countryCode":"ZM"},{"id":"H1221380","name":"Eagles Rest","City Name":"Siavonga","countryName":"Zambia","countryCode":"ZM"},{"id":"H795624","name":"Plot 35 Guest Lodge Lruela","City Name":"Kitwe","countryName":"Zambia","countryCode":"ZM"},{"id":"H765705","name":"Rosewood Lodge","City Name":"Kitwe","countryName":"Zambia","countryCode":"ZM"},{"id":"H788223","name":"Zanji Lodge","City Name":"Ndola","countryName":"Zambia","countryCode":"ZM"},{"id":"H118590","name":"Stoneridge Estate","City Name":"Lusaka","countryName":"Zambia","countryCode":"ZM"},{"id":"H248647","name":"Protea Hotel Lusaka Safari Lodge","City Name":"Lusaka","countryName":"Zambia","countryCode":"ZM"},{"id":"H204613","name":"Belden Nest Lodge","City Name":"Ndola","countryName":"Zambia","countryCode":"ZM"},{"id":"H319043","name":"Chundukwa River Lodge","City Name":"Livingstone","countryName":"Zambia","countryCode":"ZM"},{"id":"H318959","name":"Sicha Lodge","City Name":"Livingstone","countryName":"Zambia","countryCode":"ZM"},{"id":"H114407","name":"Mwiluzi Motel Ltd","City Name":"Lusaka","countryName":"Zambia","countryCode":"ZM"},{"id":"H1290030","name":"La Consolata Lodge","City Name":"Lusaka","countryName":"Zambia","countryCode":"ZM"},{"id":"H797685","name":"Muuka Gardens and Lodge","City Name":"Ndola","countryName":"Zambia","countryCode":"ZM"},{"id":"R2276","name":"Mfuwe","City Name":"Undefined","countryName":"Zambia","countryCode":"ZM"},{"id":"R6206450","name":"Malabi","City Name":"Undefined","countryName":"Zambia","countryCode":"ZM"},{"id":"R841","name":"Chipata","City Name":"Undefined","countryName":"Zambia","countryCode":"ZM"},{"id":"R965845722","name":"Sesheke","City Name":"Undefined","countryName":"Zambia","countryCode":"ZM"},{"id":"H864245","name":"Mukambi Safari Lodge - All Inclusive","City Name":"Kafue National Park","countryName":"Zambia","countryCode":"ZM"},{"id":"H951808","name":"Pakali Lodges","City Name":"Livingstone","countryName":"Zambia","countryCode":"ZM"},{"id":"H747372","name":"Bee Eater Bungalow","City Name":"Kitwe","countryName":"Zambia","countryCode":"ZM"},{"id":"R6056578","name":"Chingola","City Name":"Undefined","countryName":"Zambia","countryCode":"ZM"},{"id":"R6115669","name":"Mweru Wantipa National Park","City Name":"Undefined","countryName":"Zambia","countryCode":"ZM"},{"id":"R965850261","name":"Kabwe","City Name":"Undefined","countryName":"Zambia","countryCode":"ZM"},{"id":"R965850099","name":"Mkushi","City Name":"Undefined","countryName":"Zambia","countryCode":"ZM"},{"id":"R2170","name":"Livingstone","City Name":"Undefined","countryName":"Zambia","countryCode":"ZM"},{"id":"H889980","name":"Nomads Court - Mass Media","City Name":"Lusaka","countryName":"Zambia","countryCode":"ZM"},{"id":"R6224209","name":"Freedom Statue","City Name":"Undefined","countryName":"Zambia","countryCode":"ZM"},{"id":"R965850559","name":"Chikankata","City Name":"Undefined","countryName":"Zambia","countryCode":"ZM"},{"id":"R6117311","name":"Independence Stadium","City Name":"Undefined","countryName":"Zambia","countryCode":"ZM"},{"id":"R6117319","name":"Kasanka National Park","City Name":"Undefined","countryName":"Zambia","countryCode":"ZM"},{"id":"R6117323","name":"Lower Zambezi National Park","City Name":"Undefined","countryName":"Zambia","countryCode":"ZM"},{"id":"R6117325","name":"Luambe National Park","City Name":"Undefined","countryName":"Zambia","countryCode":"ZM"},{"id":"R6223545","name":"Maramba Cultural Museum","City Name":"Undefined","countryName":"Zambia","countryCode":"ZM"},{"id":"R965850098","name":"Mkushi","City Name":"Undefined","countryName":"Zambia","countryCode":"ZM"},{"id":"HGRNC49d7de1765df4f7ab77c241234bd83d1","name":"Fallsview Apartments","City Name":"Livingstone","countryName":"Zambia","countryCode":"ZM"},{"id":"H810480","name":"Fallsway Suites","City Name":"Lusaka","countryName":"Zambia","countryCode":"ZM"},{"id":"HGRNC9bce9c40d7b64ce48cfe17318fc2c849","name":"Twalumba Lodges","City Name":"Lusaka","countryName":"Zambia","countryCode":"ZM"},{"id":"HGRNC4551ec563afd4bae8e2caf8bb6eae56c","name":"Protea Hotel Lusaka Tower","City Name":"Lusaka","countryName":"Zambia","countryCode":"ZM"},{"id":"HGRNCd2f3d35146094d6faa2d39882669d561","name":"Lush Gardens Apartment 2","City Name":"Lusaka","countryName":"Zambia","countryCode":"ZM"},{"id":"HGRNC98c2d3c1b07d467487980f1e9c5aed75","name":"Golden Days Executive lodge","City Name":"Lusaka","countryName":"Zambia","countryCode":"ZM"},{"id":"H951517","name":"Asante Apartments","City Name":"Livingstone","countryName":"Zambia","countryCode":"ZM"},{"id":"HGRNC221131ba11b94449b1573f7f70d84ebb","name":"CityBlue Courtyard Hotel & Suites","City Name":"Livingstone","countryName":"Zambia","countryCode":"ZM"},{"id":"H878029","name":"Lilayi Lodge","City Name":"Lusaka","countryName":"Zambia","countryCode":"ZM"},{"id":"H1124749","name":"The Lusaka Hotel","City Name":"Lusaka","countryName":"Zambia","countryCode":"ZM"},{"id":"H1117789","name":"Taita Falcon Lodge","City Name":"Livingstone","countryName":"Zambia","countryCode":"ZM"},{"id":"H318669","name":"Victoria Apartments","City Name":"Livingstone","countryName":"Zambia","countryCode":"ZM"},{"id":"H319004","name":"Stanley Safari Lodge","City Name":"Livingstone","countryName":"Zambia","countryCode":"ZM"},{"id":"H809179","name":"Palmwood Lodge","City Name":"Lusaka","countryName":"Zambia","countryCode":"ZM"},{"id":"HGRNC15645fc034c345a9bc18c11c4c8d9ba8","name":"Kamunjila Lodge","City Name":"Livingstone","countryName":"Zambia","countryCode":"ZM"},{"id":"HGRNC371c32f7412f4e05b2d96da0004a0a51","name":"Tongabezi Lodge","City Name":"Livingstone","countryName":"Zambia","countryCode":"ZM"},{"id":"HGRNC0d34f339acc7484b81279d18d4e9842d","name":"Ndeke Apartments Mufulira","City Name":"Mufulira","countryName":"Zambia","countryCode":"ZM"},{"id":"H951962","name":"Royal Kwandu Gardens","City Name":"Livingstone","countryName":"Zambia","countryCode":"ZM"},{"id":"H808750","name":"Cresta Golfview","City Name":"Lusaka","countryName":"Zambia","countryCode":"ZM"},{"id":"H503802","name":"BEST WESTERN PLUS Lusaka Grand Hotel","City Name":"Lusaka","countryName":"Zambia","countryCode":"ZM"},{"id":"HGRNC625a8a9b98e545d6b9d69891648d6a31","name":"Kupark Lodge","City Name":"Lusaka","countryName":"Zambia","countryCode":"ZM"},{"id":"HGRNC779cd5f5ec71467d9b9416fb6d88686f","name":"Skyview Lodge At The Barn","City Name":"Lusaka","countryName":"Zambia","countryCode":"ZM"},{"id":"HGRNC018a28f6ed0f4b108aa8aaf587ea1d54","name":"Troy Serviced Apartments","City Name":"Lusaka","countryName":"Zambia","countryCode":"ZM"},{"id":"HGRNC9dcdde76dbeb41fb94a598cf828999d4","name":"Divine Guest House","City Name":"Livingstone","countryName":"Zambia","countryCode":"ZM"},{"id":"H181007","name":"Protea Hotel by Marriott Chipata","City Name":"Chipata","countryName":"Zambia","countryCode":"ZM"},{"id":"H1112700","name":"Chanters Lodge","City Name":"Livingstone","countryName":"Zambia","countryCode":"ZM"},{"id":"H318374","name":"KM Executive Lodge","City Name":"Livingstone","countryName":"Zambia","countryCode":"ZM"},{"id":"H809724","name":"Radisson Blu Hotel Lusaka","City Name":"Lusaka","countryName":"Zambia","countryCode":"ZM"},{"id":"HGRNC5fa28c9d1ade458b99b2a4c315e5c3e4","name":"Shamkan Lodge","City Name":"Lusaka","countryName":"Zambia","countryCode":"ZM"},{"id":"HGRNCe9c8c58cb95941aea20f48db75c1fd7c","name":"Protea Hotel Livingstone","City Name":"Livingstone","countryName":"Zambia","countryCode":"ZM"},{"id":"H446625","name":"Mosi-O-Tunya Executive Lodge","City Name":"Livingstone","countryName":"Zambia","countryCode":"ZM"},{"id":"H319234","name":"Oriental Swan Hotel Livingstone","City Name":"Livingstone","countryName":"Zambia","countryCode":"ZM"},{"id":"R965846491","name":"Livingstone Airport","City Name":"Undefined","countryName":"Zambia","countryCode":"ZM"},{"id":"R965849077","name":"Solwezi","City Name":"Undefined","countryName":"Zambia","countryCode":"ZM"},{"id":"H8505","name":"The Talking Stick","City Name":"Ndola","countryName":"Zambia","countryCode":"ZM"},{"id":"H9425","name":"The Greens Lodge","City Name":"Solwezi","countryName":"Zambia","countryCode":"ZM"},{"id":"H586892","name":"StayEasy Lusaka","City Name":"Lusaka","countryName":"Zambia","countryCode":"ZM"},{"id":"H952218","name":"Golden Strides Lodge","City Name":"Livingstone","countryName":"Zambia","countryCode":"ZM"},{"id":"H408337","name":"Mokorro Hotel","City Name":"Chingola","countryName":"Zambia","countryCode":"ZM"},{"id":"H814176","name":"Oriental Swan Hotel Kitwe","City Name":"Kitwe","countryName":"Zambia","countryCode":"ZM"},{"id":"H116569","name":"Track and Trail River Camp","City Name":"South Luangwa National Park","countryName":"Zambia","countryCode":"ZM"},{"id":"H199557","name":"Mercury Gardens Lodge At Muzala","City Name":"Lusaka","countryName":"Zambia","countryCode":"ZM"},{"id":"H95763","name":"Sunset Junction Lodges & Tours","City Name":"Livingstone","countryName":"Zambia","countryCode":"ZM"},{"id":"H318355","name":"Golden Zambezi Lodge","City Name":"Lusaka","countryName":"Zambia","countryCode":"ZM"},{"id":"H1030386","name":"Cappuccino's Lodge","City Name":"Kitwe","countryName":"Zambia","countryCode":"ZM"},{"id":"H94610","name":"Wane Guest Lodge","City Name":"Livingstone","countryName":"Zambia","countryCode":"ZM"},{"id":"H1113918","name":"Sir Nick's Livingstone Lodge","City Name":"Livingstone","countryName":"Zambia","countryCode":"ZM"},{"id":"H1113929","name":"Rite Inn","City Name":"Livingstone","countryName":"Zambia","countryCode":"ZM"},{"id":"H1261244","name":"Eclipse Lodge","City Name":"Lusaka","countryName":"Zambia","countryCode":"ZM"},{"id":"H796020","name":"Mercury at the House of Jasmine","City Name":"Kitwe","countryName":"Zambia","countryCode":"ZM"},{"id":"H797252","name":"Dazi Lodge Executive Zambezi","City Name":"Kitwe","countryName":"Zambia","countryCode":"ZM"},{"id":"H808867","name":"Crown Palace Inn","City Name":"Lusaka","countryName":"Zambia","countryCode":"ZM"},{"id":"H808848","name":"Chita Lodges and Resorts","City Name":"Lusaka","countryName":"Zambia","countryCode":"ZM"},{"id":"H809015","name":"Wilingima Hotel","City Name":"Lusaka","countryName":"Zambia","countryCode":"ZM"},{"id":"H809665","name":"Ikumbilo View Lodge","City Name":"Lusaka","countryName":"Zambia","countryCode":"ZM"},{"id":"H812522","name":"Kaingu Safari Lodge","City Name":"Kafue National Park","countryName":"Zambia","countryCode":"ZM"},{"id":"H621178","name":"Oriental Swan Hotel Kitwe","City Name":"Kitwe","countryName":"Zambia","countryCode":"ZM"},{"id":"H1112361","name":"The Lotus Apartment","City Name":"Livingstone","countryName":"Zambia","countryCode":"ZM"},{"id":"H1125524","name":"Spree Guest House","City Name":"Ndola","countryName":"Zambia","countryCode":"ZM"},{"id":"H794609","name":"Plot 35 Guest Lodge Nkana East Central Street","City Name":"Kitwe","countryName":"Zambia","countryCode":"ZM"},{"id":"H794714","name":"Dazi Lodge Chachacha","City Name":"Kitwe","countryName":"Zambia","countryCode":"ZM"},{"id":"H711073","name":"Mushroom Lodge","City Name":"South Luangwa National Park","countryName":"Zambia","countryCode":"ZM"},{"id":"H358409","name":"The Blue Harven Lodge","City Name":"Lusaka","countryName":"Zambia","countryCode":"ZM"},{"id":"H188743","name":"Chichele Presidential Lodge All Inclus","City Name":"South Luangwa National Park","countryName":"Zambia","countryCode":"ZM"},{"id":"H198044","name":"Melsim Lodge","City Name":"Lusaka","countryName":"Zambia","countryCode":"ZM"},{"id":"H198960","name":"Rasnos Lodge","City Name":"Lusaka","countryName":"Zambia","countryCode":"ZM"},{"id":"H441915","name":"Manchinchi Bay Lodge","City Name":"Siavonga","countryName":"Zambia","countryCode":"ZM"},{"id":"H290448","name":"Chita Lodge Kafue","City Name":"Lusaka","countryName":"Zambia","countryCode":"ZM"},{"id":"H446990","name":"Zambezi Way Lodge","City Name":"Livingstone","countryName":"Zambia","countryCode":"ZM"},{"id":"H447067","name":"Sussi And Chuma Lodge - All Inclusive","City Name":"Livingstone","countryName":"Zambia","countryCode":"ZM"},{"id":"H447097","name":"The Greens Inn And Chinese Cuisine","City Name":"Livingstone","countryName":"Zambia","countryCode":"ZM"},{"id":"H55067","name":"Kinsa Lodge","City Name":"Ndola","countryName":"Zambia","countryCode":"ZM"},{"id":"H504256","name":"Macha-Leni on 10 Boutique Hotel","City Name":"Lusaka","countryName":"Zambia","countryCode":"ZM"},{"id":"H1113941","name":"Asenga Executive Lodge","City Name":"Livingstone","countryName":"Zambia","countryCode":"ZM"},{"id":"H1113252","name":"Zambia Youth","City Name":"Livingstone","countryName":"Zambia","countryCode":"ZM"},{"id":"H1290486","name":"Sharon's Guest House","City Name":"Lusaka","countryName":"Zambia","countryCode":"ZM"},{"id":"H471012","name":"Country Lodge Mongu","City Name":"Mongu","countryName":"Zambia","countryCode":"ZM"},{"id":"H730053","name":"Mukambi Plains Camp, Busanga","City Name":"Kafue National Park","countryName":"Zambia","countryCode":"ZM"},{"id":"H1291522","name":"Tusha Lodge","City Name":"Lusaka","countryName":"Zambia","countryCode":"ZM"},{"id":"H1185189","name":"Marine Lodge","City Name":"Ndola","countryName":"Zambia","countryCode":"ZM"},{"id":"H951343","name":"Tabonina Bis","City Name":"Livingstone","countryName":"Zambia","countryCode":"ZM"},{"id":"H951454","name":"Leos Guest House","City Name":"Livingstone","countryName":"Zambia","countryCode":"ZM"},{"id":"H318563","name":"Zig Zag Town Lodge - Hostel","City Name":"Livingstone","countryName":"Zambia","countryCode":"ZM"},{"id":"H317949","name":"Royal Olympia Lodge","City Name":"Livingstone","countryName":"Zambia","countryCode":"ZM"},{"id":"H318833","name":"Zambezi Ultima Inn","City Name":"Livingstone","countryName":"Zambia","countryCode":"ZM"},{"id":"H701684","name":"Acamms Chalala","City Name":"Lusaka","countryName":"Zambia","countryCode":"ZM"},{"id":"H703909","name":"Prana Villa","City Name":"Livingstone","countryName":"Zambia","countryCode":"ZM"},{"id":"H318342","name":"Victoria Falls Home","City Name":"Livingstone","countryName":"Zambia","countryCode":"ZM"},{"id":"H504237","name":"Fallsway Apartments Louden Court","City Name":"Lusaka","countryName":"Zambia","countryCode":"ZM"},{"id":"HGRNC4411f3be33fe4ca29e8d589896ced302","name":"Chaminuka Lodge and Nature Reserve","City Name":"Lusaka","countryName":"Zambia","countryCode":"ZM"},{"id":"HGRNC12a02366413246e680fe12cd91510300","name":"Village Rest Lodge","City Name":"Lusaka","countryName":"Zambia","countryCode":"ZM"},{"id":"HGRNC8e845c322597490795620cde3b217d74","name":"Hilton Garden Inn Lusaka Society Business Park","City Name":"Lusaka","countryName":"Zambia","countryCode":"ZM"},{"id":"HGRNCd58e907fb1e64c28bb3f2279b1890de3","name":"Goldenzambezi Hotel Lodge","City Name":"Lusaka","countryName":"Zambia","countryCode":"ZM"},{"id":"H95733","name":"Sumbulwa Apartments","City Name":"Livingstone","countryName":"Zambia","countryCode":"ZM"},{"id":"H951780","name":"Gloria's Bed and Breakfast","City Name":"Livingstone","countryName":"Zambia","countryCode":"ZM"},{"id":"H317468","name":"Victoria Falls Waterfront","City Name":"Livingstone","countryName":"Zambia","countryCode":"ZM"},{"id":"HGRNC7604cdfe912e461fadab29e74e0e8767","name":"Martco Lodge","City Name":"Lusaka","countryName":"Zambia","countryCode":"ZM"},{"id":"HGRNC04612cdb2ef44e73b401c743aae39533","name":"Tecla Hotel","City Name":"Lusaka","countryName":"Zambia","countryCode":"ZM"},{"id":"HGRNC633b62145ed04d80891cb8aef3ff0952","name":"Ndeke Hotel","City Name":"Lusaka","countryName":"Zambia","countryCode":"ZM"},{"id":"H1112405","name":"Camp Nkwazi","City Name":"Livingstone","countryName":"Zambia","countryCode":"ZM"},{"id":"H95113","name":"Avani Victoria Falls Resort","City Name":"Livingstone","countryName":"Zambia","countryCode":"ZM"},{"id":"H1193509","name":"Protea Hotel by Marriott Lusaka Safari Lodge","City Name":"Chisamba","countryName":"Zambia","countryCode":"ZM"},{"id":"HGRNC080e7cfe5f0c48bb8ee3dc738770a2b1","name":"Richland Motel Livingstone","City Name":"Livingstone","countryName":"Zambia","countryCode":"ZM"},{"id":"HGRNC82324717841c40968982f771a77987fb","name":"Sogecoa Golden Peacock Hotel","City Name":"Lusaka","countryName":"Zambia","countryCode":"ZM"},{"id":"HGRNC8021362e8e9b4f638688cac47af1003e","name":"Sherbourne Nkana West Apartments","City Name":"Kitwe","countryName":"Zambia","countryCode":"ZM"},{"id":"R1746","name":"Kasama","City Name":"Undefined","countryName":"Zambia","countryCode":"ZM"},{"id":"H1152012","name":"Croc Valley Camp","City Name":"South Luangwa National Park","countryName":"Zambia","countryCode":"ZM"},{"id":"HGRNCe574ef871a764d79b4883b8c30e48ebc","name":"Dream Valley Park & Lodge","City Name":"Lusaka","countryName":"Zambia","countryCode":"ZM"},{"id":"H359113","name":"Southern Sun Ridgeway","City Name":"Lusaka","countryName":"Zambia","countryCode":"ZM"},{"id":"H1292637","name":"Kwesu Guest Lodge","City Name":"Livingstone","countryName":"Zambia","countryCode":"ZM"},{"id":"HGRNC490f6e081ee64e2cad5f33e888da8601","name":"Rose Villa Lodge","City Name":"Kitwe","countryName":"Zambia","countryCode":"ZM"},{"id":"H503478","name":"Cozy Lodge","City Name":"Lusaka","countryName":"Zambia","countryCode":"ZM"},{"id":"R965844522","name":"Lukulu","City Name":"Undefined","countryName":"Zambia","countryCode":"ZM"},{"id":"R965844397","name":"Kaoma","City Name":"Undefined","countryName":"Zambia","countryCode":"ZM"},{"id":"R6205919","name":"Kalabo","City Name":"Undefined","countryName":"Zambia","countryCode":"ZM"},{"id":"R6205915","name":"Serenje","City Name":"Undefined","countryName":"Zambia","countryCode":"ZM"},{"id":"R6205901","name":"Muchabe","City Name":"Undefined","countryName":"Zambia","countryCode":"ZM"},{"id":"R965850564","name":"Kafue","City Name":"Undefined","countryName":"Zambia","countryCode":"ZM"},{"id":"R965843285","name":"Zambezi","City Name":"Undefined","countryName":"Zambia","countryCode":"ZM"},{"id":"HGRNCd199f5ef66724aa5a2ee8ff2bc0f1d36","name":"Mukambi Safari Lodge","City Name":"Kafue National Park","countryName":"Zambia","countryCode":"ZM"},{"id":"H94521","name":"Sindabezi Island Camp","City Name":"Livingstone","countryName":"Zambia","countryCode":"ZM"},{"id":"H951316","name":"Cypress Executive lodge","City Name":"Livingstone","countryName":"Zambia","countryCode":"ZM"},{"id":"H951462","name":"Bushfront Lodge","City Name":"Livingstone","countryName":"Zambia","countryCode":"ZM"},{"id":"HGRNC897b50d46d51476d86136c88c746d102","name":"Waterfalls Hotel","City Name":"Lusaka","countryName":"Zambia","countryCode":"ZM"},{"id":"HGRNC31c793d4c6b74ee09e29ece479a67533","name":"Premier Hotel","City Name":"Lusaka","countryName":"Zambia","countryCode":"ZM"},{"id":"H951646","name":"Munga Eco-Lodge","City Name":"Livingstone","countryName":"Zambia","countryCode":"ZM"},{"id":"R965850570","name":"Chirundu","City Name":"Undefined","countryName":"Zambia","countryCode":"ZM"},{"id":"R6223539","name":"Victoria Falls Field Museum","City Name":"Undefined","countryName":"Zambia","countryCode":"ZM"},{"id":"R6223541","name":"Livingstone Museum","City Name":"Undefined","countryName":"Zambia","countryCode":"ZM"},{"id":"R6224206","name":"Lusaka National Museum","City Name":"Undefined","countryName":"Zambia","countryCode":"ZM"},{"id":"R6117321","name":"Liuwa Plain National Park","City Name":"Undefined","countryName":"Zambia","countryCode":"ZM"},{"id":"R965848647","name":"Kalabo Airport","City Name":"Undefined","countryName":"Zambia","countryCode":"ZM"},{"id":"R965849861","name":"Luapula Province","City Name":"Undefined","countryName":"Zambia","countryCode":"ZM"},{"id":"R6115681","name":"West Lunga National Park","City Name":"Undefined","countryName":"Zambia","countryCode":"ZM"},{"id":"R6115683","name":"Victoria Falls Bridge","City Name":"Undefined","countryName":"Zambia","countryCode":"ZM"},{"id":"H884635","name":"Wanderers Lodge","City Name":"Lusaka","countryName":"Zambia","countryCode":"ZM"},{"id":"H198074","name":"Bird Nest Backpackers","City Name":"Lusaka","countryName":"Zambia","countryCode":"ZM"},{"id":"H198881","name":"Paseli's Backpackers","City Name":"Lusaka","countryName":"Zambia","countryCode":"ZM"},{"id":"H198812","name":"Biza Farms","City Name":"Lusaka","countryName":"Zambia","countryCode":"ZM"},{"id":"H199576","name":"Kikwetu Lodge","City Name":"Lusaka","countryName":"Zambia","countryCode":"ZM"},{"id":"H317850","name":"Zinga Backpackers","City Name":"Livingstone","countryName":"Zambia","countryCode":"ZM"},{"id":"H317803","name":"Waterberry Zambezi Lodge","City Name":"Livingstone","countryName":"Zambia","countryCode":"ZM"},{"id":"H319126","name":"Bushbuck River House","City Name":"Livingstone","countryName":"Zambia","countryCode":"ZM"},{"id":"H324991","name":"Mushroom Lodge","City Name":"South Luangwa National Park","countryName":"Zambia","countryCode":"ZM"},{"id":"H1124118","name":"Kaliyangile Guest House","City Name":"Lusaka","countryName":"Zambia","countryCode":"ZM"},{"id":"H470690","name":"Le Elementos By Mantis","City Name":"Lusaka","countryName":"Zambia","countryCode":"ZM"},{"id":"H1225531","name":"Sherbourne Hotel","City Name":"Kitwe","countryName":"Zambia","countryCode":"ZM"},{"id":"H1119999","name":"Kaazmein Lodge","City Name":"Livingstone","countryName":"Zambia","countryCode":"ZM"},{"id":"H473048","name":"Hooters Lodge","City Name":"Lusaka","countryName":"Zambia","countryCode":"ZM"},{"id":"H480377","name":"Ndeke Apartments Mufulira","City Name":"Kitwe","countryName":"Zambia","countryCode":"ZM"},{"id":"H487206","name":"Nzipile Executive Guest House","City Name":"Chingola","countryName":"Zambia","countryCode":"ZM"},{"id":"H729028","name":"Three Cities Mushroom Lodge & Presidential House","City Name":"South Luangwa National Park","countryName":"Zambia","countryCode":"ZM"},{"id":"H810244","name":"Wayside Guest House","City Name":"Lusaka","countryName":"Zambia","countryCode":"ZM"},{"id":"H1067870","name":"Golden Chopstick Hotel","City Name":"Livingstone","countryName":"Zambia","countryCode":"ZM"},{"id":"H1122830","name":"Chaminuka Lodge","City Name":"Chisamba","countryName":"Zambia","countryCode":"ZM"},{"id":"H1125836","name":"Mika Lodge","City Name":"Lusaka","countryName":"Zambia","countryCode":"ZM"},{"id":"H816997","name":"The Stone Guest House","City Name":"Livingstone","countryName":"Zambia","countryCode":"ZM"},{"id":"H809868","name":"Ndozo Lodge Makeni","City Name":"Lusaka","countryName":"Zambia","countryCode":"ZM"},{"id":"H809884","name":"Manhattan Motel","City Name":"Lusaka","countryName":"Zambia","countryCode":"ZM"},{"id":"H826485","name":"Acamms Lodge Mongu","City Name":"Mongu","countryName":"Zambia","countryCode":"ZM"},{"id":"H809123","name":"Katuta Lodge","City Name":"Lusaka","countryName":"Zambia","countryCode":"ZM"},{"id":"H796196","name":"Ndola ExecutiveLodge","City Name":"Ndola","countryName":"Zambia","countryCode":"ZM"},{"id":"H227512","name":"Vine Lodge Kansenshi","City Name":"Ndola","countryName":"Zambia","countryCode":"ZM"},{"id":"H227458","name":"Savoy Hotel","City Name":"Ndola","countryName":"Zambia","countryCode":"ZM"},{"id":"H197711","name":"Liberty Living Boarding House","City Name":"Lusaka","countryName":"Zambia","countryCode":"ZM"},{"id":"H197976","name":"Kumunzi Backpackers","City Name":"Lusaka","countryName":"Zambia","countryCode":"ZM"},{"id":"H1291421","name":"Lyondo Lodge","City Name":"Lusaka","countryName":"Zambia","countryCode":"ZM"},{"id":"H1290037","name":"Royal Olympia Lodges & Safaris Lusaka","City Name":"Lusaka","countryName":"Zambia","countryCode":"ZM"},{"id":"H298079","name":"Sanctuary Chichele Presidential Lodge","City Name":"South Luangwa National Park","countryName":"Zambia","countryCode":"ZM"},{"id":"H950964","name":"Protea Hotel by Marriott Livingstone","City Name":"Livingstone","countryName":"Zambia","countryCode":"ZM"},{"id":"H571862","name":"Uni Apartments","City Name":"Lusaka","countryName":"Zambia","countryCode":"ZM"},{"id":"H582107","name":"Southern Park Hotels","City Name":"Lusaka","countryName":"Zambia","countryCode":"ZM"},{"id":"H173488","name":"Beyond Horizons","City Name":"Lusaka","countryName":"Zambia","countryCode":"ZM"},{"id":"H178289","name":"Mint Leaf Lodge","City Name":"Lusaka","countryName":"Zambia","countryCode":"ZM"},{"id":"H508255","name":"Best Western Plus Lusaka Grand","City Name":"Lusaka","countryName":"Zambia","countryCode":"ZM"},{"id":"H447037","name":"Nona Lodge","City Name":"Livingstone","countryName":"Zambia","countryCode":"ZM"},{"id":"H810395","name":"Flintstones Backpackers","City Name":"Lusaka","countryName":"Zambia","countryCode":"ZM"},{"id":"H200993","name":"Sanctuary Chichele Presidential Lodge","City Name":"South Luangwa National Park","countryName":"Zambia","countryCode":"ZM"},{"id":"H950466","name":"Kayube Bungalows","City Name":"Livingstone","countryName":"Zambia","countryCode":"ZM"},{"id":"H950309","name":"Kayube Zambezi River House","City Name":"Livingstone","countryName":"Zambia","countryCode":"ZM"},{"id":"H952075","name":"African Safari Experience Lodge","City Name":"Livingstone","countryName":"Zambia","countryCode":"ZM"},{"id":"H952139","name":"Thompson's Guest House","City Name":"Livingstone","countryName":"Zambia","countryCode":"ZM"},{"id":"H1291877","name":"Thompson's Lodge","City Name":"Livingstone","countryName":"Zambia","countryCode":"ZM"},{"id":"H446874","name":"Panama Lodge and Tours","City Name":"Livingstone","countryName":"Zambia","countryCode":"ZM"},{"id":"H951398","name":"Sanctuary Sussi & Chuma","City Name":"Livingstone","countryName":"Zambia","countryCode":"ZM"},{"id":"H951538","name":"Jasy Guest House","City Name":"Livingstone","countryName":"Zambia","countryCode":"ZM"},{"id":"H950745","name":"Dessert Flower","City Name":"Livingstone","countryName":"Zambia","countryCode":"ZM"},{"id":"H951658","name":"Bridgetown Resort","City Name":"Livingstone","countryName":"Zambia","countryCode":"ZM"},{"id":"H93728","name":"Royal Jacobs Apartments Bed & Breakfast","City Name":"Lusaka","countryName":"Zambia","countryCode":"ZM"},{"id":"R965849862","name":"Samfya","City Name":"Undefined","countryName":"Zambia","countryCode":"ZM"},{"id":"HGRNC1fa1789dcb064d17a293e33d172fd938","name":"Mose Street Apartments","City Name":"Livingstone","countryName":"Zambia","countryCode":"ZM"},{"id":"R6206456","name":"Mbala","City Name":"Undefined","countryName":"Zambia","countryCode":"ZM"},{"id":"HGRNC18ace7f8df9e435f9325c2d18083f0ec","name":"Kalabi Executive Lodge","City Name":"Lusaka","countryName":"Zambia","countryCode":"ZM"},{"id":"H810530","name":"Mika Lodge","City Name":"Lusaka","countryName":"Zambia","countryCode":"ZM"},{"id":"H1067026","name":"Tasha Lodge","City Name":"Livingstone","countryName":"Zambia","countryCode":"ZM"},{"id":"HGRNC5b44db73683644be95d341d4e9c01d86","name":"Nena Guest House","City Name":"Lusaka","countryName":"Zambia","countryCode":"ZM"},{"id":"HGRNC06b1848dbdfc4801a9056a62f1ee8f7a","name":"Prime Lodge","City Name":"Lusaka","countryName":"Zambia","countryCode":"ZM"},{"id":"HGRNCf6c30594123e45dca868663ef3d1b93e","name":"Acamms Lodge Chalala","City Name":"Lusaka","countryName":"Zambia","countryCode":"ZM"},{"id":"H1124275","name":"Royal Olympia Lodges and Safaris","City Name":"Livingstone","countryName":"Zambia","countryCode":"ZM"},{"id":"H1292352","name":"Golden Chopsticks Hotel Livingstone","City Name":"Livingstone","countryName":"Zambia","countryCode":"ZM"},{"id":"HGRNC332b529c69004bfca28cc1cdde2c32b1","name":"Okavango Lodge","City Name":"Livingstone","countryName":"Zambia","countryCode":"ZM"},{"id":"HGRNCadfceff57e964cd6a3b9f98d10b45cc3","name":"Sandy's Lodge","City Name":"Lusaka","countryName":"Zambia","countryCode":"ZM"},{"id":"H1162613","name":"Protea Hotel Ndola","City Name":"Ndola","countryName":"Zambia","countryCode":"ZM"},{"id":"H39859","name":"City Lodge Lusaka","City Name":"Lusaka","countryName":"Zambia","countryCode":"ZM"},{"id":"HGRNC52613730dfc54d2b82fcdf935f72d3d0","name":"Neelkanth Sarovar Premiere","City Name":"Lusaka","countryName":"Zambia","countryCode":"ZM"},{"id":"HGRNC65649f6accc6429980e83d6ccdfa5bd0","name":"Wasingo Guest Inn","City Name":"Lusaka","countryName":"Zambia","countryCode":"ZM"},{"id":"H1259878","name":"Nomads Court Lodge","City Name":"Lusaka","countryName":"Zambia","countryCode":"ZM"},{"id":"H865383","name":"Pamo Hotel and Restaurant","City Name":"Kitwe","countryName":"Zambia","countryCode":"ZM"},{"id":"H151929","name":"Summer Pines","City Name":"Lusaka","countryName":"Zambia","countryCode":"ZM"},{"id":"HGRNCacafbd19695c4efe823c93c8075ac4bc","name":"Eliba Apartments","City Name":"Livingstone","countryName":"Zambia","countryCode":"ZM"},{"id":"HGRNC6bacdeb153754870bbed7c17e0ea81ed","name":"Melunah Lodge","City Name":"Kitwe","countryName":"Zambia","countryCode":"ZM"},{"id":"H317960","name":"aha The David Livingstone Safari Lodge & Spa","City Name":"Livingstone","countryName":"Zambia","countryCode":"ZM"},{"id":"HGRNCac3add614ef2400890b05ab01f6fc9f7","name":"Chamba Valley Exotic Hotel","City Name":"Lusaka","countryName":"Zambia","countryCode":"ZM"},{"id":"HGRNCbaad84ca88d04a61880b74ff80bc8992","name":"Sweet Home Apartments","City Name":"Livingstone","countryName":"Zambia","countryCode":"ZM"},{"id":"H445183","name":"White Rose Lodge","City Name":"Livingstone","countryName":"Zambia","countryCode":"ZM"},{"id":"H199332","name":"Fallsway Villas","City Name":"Lusaka","countryName":"Zambia","countryCode":"ZM"},{"id":"H317877","name":"Royal Livingstone Victoria Falls Zambia Hotel by Anantara","City Name":"Livingstone","countryName":"Zambia","countryCode":"ZM"},{"id":"H716988","name":"Zikomo Safari Camp","City Name":"South Luangwa National Park","countryName":"Zambia","countryCode":"ZM"},{"id":"H809515","name":"Kakwele Lodge","City Name":"Lusaka","countryName":"Zambia","countryCode":"ZM"},{"id":"R6058851","name":"Chisamba","City Name":"Undefined","countryName":"Zambia","countryCode":"ZM"},{"id":"R3202","name":"Solwezi","City Name":"Undefined","countryName":"Zambia","countryCode":"ZM"},{"id":"HGRNC7065b2814d6d4238966c4961b91c59ae","name":"The Urban Hotel","City Name":"Ndola","countryName":"Zambia","countryCode":"ZM"},{"id":"H1122068","name":"Latitude 15","City Name":"Lusaka","countryName":"Zambia","countryCode":"ZM"},{"id":"H171947","name":"Mambilima Furnished Guest Wing","City Name":"Lusaka","countryName":"Zambia","countryCode":"ZM"},{"id":"H317884","name":"The River Club","City Name":"Livingstone","countryName":"Zambia","countryCode":"ZM"},{"id":"HGRNC106057e69e254b259a39b878f07d71b0","name":"Aninas Executive Lodge","City Name":"Lusaka","countryName":"Zambia","countryCode":"ZM"},{"id":"R6115673","name":"Nsumbu National Park","City Name":"Undefined","countryName":"Zambia","countryCode":"ZM"},{"id":"R6115675","name":"Nyika National Park","City Name":"Undefined","countryName":"Zambia","countryCode":"ZM"},{"id":"R965850546","name":"Mazabuka","City Name":"Undefined","countryName":"Zambia","countryCode":"ZM"},{"id":"R965850097","name":"Central Province","City Name":"Undefined","countryName":"Zambia","countryCode":"ZM"},{"id":"R6117313","name":"Blue Lagoon National Park","City Name":"Undefined","countryName":"Zambia","countryCode":"ZM"},{"id":"R965847140","name":"Kenneth Kaunda International Airport","City Name":"Undefined","countryName":"Zambia","countryCode":"ZM"},{"id":"R965848452","name":"Kasama Airport","City Name":"Undefined","countryName":"Zambia","countryCode":"ZM"},{"id":"H7587","name":"Kiboko Safaris","City Name":"South Luangwa National Park","countryName":"Zambia","countryCode":"ZM"},{"id":"H950810","name":"Roysam Lodge","City Name":"Livingstone","countryName":"Zambia","countryCode":"ZM"}]