[{"id":"H1022294","name":"Dimba Safaris","City Name":"Victoria Falls","countryName":"Zimbabwe","countryCode":"ZW"},{"id":"H566685","name":"Greystone Lodge","City Name":"Harare","countryName":"Zimbabwe","countryCode":"ZW"},{"id":"H56526","name":"Kismet","City Name":"Bulawayo","countryName":"Zimbabwe","countryCode":"ZW"},{"id":"H1123129","name":"CPM Short Stay Home Marlborough","City Name":"Harare","countryName":"Zimbabwe","countryCode":"ZW"},{"id":"H813786","name":"Hippo House Cottages","City Name":"Victoria Falls","countryName":"Zimbabwe","countryCode":"ZW"},{"id":"H952897","name":"Bronte Hotel","City Name":"Harare","countryName":"Zimbabwe","countryCode":"ZW"},{"id":"H21488","name":"Limerick cottages","City Name":"Bulawayo","countryName":"Zimbabwe","countryCode":"ZW"},{"id":"H559905","name":"Pine Tree Inn","City Name":"Juliasdale","countryName":"Zimbabwe","countryCode":"ZW"},{"id":"H122112","name":"Troutbeck Inn","City Name":"Juliasdale","countryName":"Zimbabwe","countryCode":"ZW"},{"id":"H1145281","name":"Lodge at The Ancient City","City Name":"Masvingo","countryName":"Zimbabwe","countryCode":"ZW"},{"id":"H1137967","name":"Troutbeck Resort","City Name":"Juliasdale","countryName":"Zimbabwe","countryCode":"ZW"},{"id":"H1130603","name":"Gwango Heritage Resort","City Name":"Dete","countryName":"Zimbabwe","countryCode":"ZW"},{"id":"H813253","name":"The Elephant Camp - All Inclusive","City Name":"Victoria Falls","countryName":"Zimbabwe","countryCode":"ZW"},{"id":"H1291788","name":"Sarum Lodge","City Name":"Harare","countryName":"Zimbabwe","countryCode":"ZW"},{"id":"H611191","name":"Wild Geese Lodge","City Name":"Harare","countryName":"Zimbabwe","countryCode":"ZW"},{"id":"H699832","name":"Eden Villas","City Name":"Harare","countryName":"Zimbabwe","countryCode":"ZW"},{"id":"H882538","name":"Sable Sands","City Name":"Hwange","countryName":"Zimbabwe","countryCode":"ZW"},{"id":"H249327","name":"Sondela Guest Lodge","City Name":"Bulawayo","countryName":"Zimbabwe","countryCode":"ZW"},{"id":"H149220","name":"Highlands House","City Name":"Harare","countryName":"Zimbabwe","countryCode":"ZW"},{"id":"H228913","name":"Kulula","City Name":"Victoria Falls","countryName":"Zimbabwe","countryCode":"ZW"},{"id":"H93550","name":"Palm Leaf Gardens","City Name":"Kwekwe","countryName":"Zimbabwe","countryCode":"ZW"},{"id":"H1181285","name":"Matobo Hills Lodge","City Name":"Matopos","countryName":"Zimbabwe","countryCode":"ZW"},{"id":"R180864","name":"Dete","City Name":"Undefined","countryName":"Zimbabwe","countryCode":"ZW"},{"id":"H1149733","name":"Great Zimbabwe Hotel","City Name":"Masvingo","countryName":"Zimbabwe","countryCode":"ZW"},{"id":"H1013655","name":"Coolwaters","City Name":"Mutare","countryName":"Zimbabwe","countryCode":"ZW"},{"id":"R2468","name":"Masvingo","City Name":"Undefined","countryName":"Zimbabwe","countryCode":"ZW"},{"id":"HGRNCc68185ed4804476899f24b6c82e252b0","name":"2B Cottage Mt Pleasant","City Name":"Harare","countryName":"Zimbabwe","countryCode":"ZW"},{"id":"H872730","name":"Southern Comfort Lodge","City Name":"Bulawayo","countryName":"Zimbabwe","countryCode":"ZW"},{"id":"H1193177","name":"Regency Hotel Fairmile","City Name":"Gweru","countryName":"Zimbabwe","countryCode":"ZW"},{"id":"R6302372","name":"Chipangali Wildlife Orphanage","City Name":"Undefined","countryName":"Zimbabwe","countryCode":"ZW"},{"id":"R6117283","name":"Harare Sports Club","City Name":"Undefined","countryName":"Zimbabwe","countryCode":"ZW"},{"id":"R6117285","name":"Avondale Shops","City Name":"Undefined","countryName":"Zimbabwe","countryCode":"ZW"},{"id":"R6117299","name":"Rufaro Stadium","City Name":"Undefined","countryName":"Zimbabwe","countryCode":"ZW"},{"id":"R6117243","name":"Hwange National Park","City Name":"Undefined","countryName":"Zimbabwe","countryCode":"ZW"},{"id":"R6117257","name":"Matusadona National Park","City Name":"Undefined","countryName":"Zimbabwe","countryCode":"ZW"},{"id":"R6117261","name":"Mount Nyangani","City Name":"Undefined","countryName":"Zimbabwe","countryCode":"ZW"},{"id":"R6117271","name":"Barbourfields Stadium","City Name":"Undefined","countryName":"Zimbabwe","countryCode":"ZW"},{"id":"R6117273","name":"Zimbabwe International Trade Fair","City Name":"Undefined","countryName":"Zimbabwe","countryCode":"ZW"},{"id":"HGRNC00e41e55572e4ae280371bd5852e7013","name":"Great Zimbabwe","City Name":"Masvingo","countryName":"Zimbabwe","countryCode":"ZW"},{"id":"HGRNCf0cddf81ca9c4223b3cf9341e14a7108","name":"Shockwave Home","City Name":"Victoria Falls","countryName":"Zimbabwe","countryCode":"ZW"},{"id":"H1055855","name":"Willow Lodge","City Name":"Harare","countryName":"Zimbabwe","countryCode":"ZW"},{"id":"H628477","name":"Holiday Inn Mutare","City Name":"Mutare","countryName":"Zimbabwe","countryCode":"ZW"},{"id":"H612099","name":"Jacana Gardens Guest Lodge","City Name":"Harare","countryName":"Zimbabwe","countryCode":"ZW"},{"id":"H641415","name":"New Ambassador Hotel","City Name":"Harare","countryName":"Zimbabwe","countryCode":"ZW"},{"id":"HGRNC3673c9ee52bb4c5f858f942d6fe5f3f2","name":"The Elephant Camp","City Name":"Victoria Falls","countryName":"Zimbabwe","countryCode":"ZW"},{"id":"HGRNC2d66a2224845456c9ce7ed95a6b978b9","name":"Ursula Camp","City Name":"Victoria Falls","countryName":"Zimbabwe","countryCode":"ZW"},{"id":"H392668","name":"Flatdog Lodge","City Name":"Victoria Falls","countryName":"Zimbabwe","countryCode":"ZW"},{"id":"H480999","name":"Pebble Rock Lodge","City Name":"Bulawayo","countryName":"Zimbabwe","countryCode":"ZW"},{"id":"HGRNC7dbe52e01fff4d719eca936972cdd1a1","name":"Borrowdale West","City Name":"Harare","countryName":"Zimbabwe","countryCode":"ZW"},{"id":"HGRNC1673e0cd863e482695ea1fabb6e99aa7","name":"Pakanaka Lodge","City Name":"Harare","countryName":"Zimbabwe","countryCode":"ZW"},{"id":"HGRNC242053010e2646dc8bea16936061b55b","name":"Kismet","City Name":"Bulawayo","countryName":"Zimbabwe","countryCode":"ZW"},{"id":"H89494","name":"Premier Guest Lodge","City Name":"Harare","countryName":"Zimbabwe","countryCode":"ZW"},{"id":"HGRNC546244639afe421da30d46f4d7faf784","name":"Monavale Hills Getaway","City Name":"Harare","countryName":"Zimbabwe","countryCode":"ZW"},{"id":"HGRNC32362bdf58354b8c8837d1277252748a","name":"Your Vicfalls Home","City Name":"Victoria Falls","countryName":"Zimbabwe","countryCode":"ZW"},{"id":"HGRNC68f54deeab1841628a6b637aa2404313","name":"The Berkshire","City Name":"Harare","countryName":"Zimbabwe","countryCode":"ZW"},{"id":"HGRNC561e196072124baeb365dcec49b2a1a6","name":"Refreshing Accomodation","City Name":"Harare","countryName":"Zimbabwe","countryCode":"ZW"},{"id":"HGRNCb21a2bc4c88b41da9d34009e1ac0325a","name":"Jules Place","City Name":"Bulawayo","countryName":"Zimbabwe","countryCode":"ZW"},{"id":"HGRNCd7da028d807a4d1c97c72f44c28afae4","name":"BGM Guesthouse","City Name":"Harare","countryName":"Zimbabwe","countryCode":"ZW"},{"id":"HGRNCa7c3c3a68be2446c82b88aa0354138e0","name":"Brightcastle Harare City Apartments","City Name":"Harare","countryName":"Zimbabwe","countryCode":"ZW"},{"id":"H148964","name":"Cresta Jameson","City Name":"Harare","countryName":"Zimbabwe","countryCode":"ZW"},{"id":"H1209775","name":"Matilinda Lodge","City Name":"Bulawayo","countryName":"Zimbabwe","countryCode":"ZW"},{"id":"H1284870","name":"The iroCK Lodge","City Name":"Victoria Falls","countryName":"Zimbabwe","countryCode":"ZW"},{"id":"HGRNCf0e1094fdac449008872f18ec344d888","name":"Nguni Lodge","City Name":"Victoria Falls","countryName":"Zimbabwe","countryCode":"ZW"},{"id":"H1160642","name":"Motsamai Lodge","City Name":"Bulawayo","countryName":"Zimbabwe","countryCode":"ZW"},{"id":"H1272659","name":"Rainbow Towers Hotel And Conference Centre","City Name":"Harare","countryName":"Zimbabwe","countryCode":"ZW"},{"id":"HGRNCa2a7bf33317340149f5b18668e2f8181","name":"Gina's Home","City Name":"Harare","countryName":"Zimbabwe","countryCode":"ZW"},{"id":"H813097","name":"Dzimbahwe Guest Lodge","City Name":"Victoria Falls","countryName":"Zimbabwe","countryCode":"ZW"},{"id":"H452357","name":"Mt Pleasant BnB","City Name":"Harare","countryName":"Zimbabwe","countryCode":"ZW"},{"id":"HGRNCb95fcebda2024bf08bac5276821b0c20","name":"Mpofu Bed & Breakfast","City Name":"Harare","countryName":"Zimbabwe","countryCode":"ZW"},{"id":"H955762","name":"Thorn Tree Lodge","City Name":"Harare","countryName":"Zimbabwe","countryCode":"ZW"},{"id":"H813945","name":"Mambo Backpakers","City Name":"Victoria Falls","countryName":"Zimbabwe","countryCode":"ZW"},{"id":"H53773","name":"InboundOut Guest House","City Name":"Victoria Falls","countryName":"Zimbabwe","countryCode":"ZW"},{"id":"H27006","name":"The Palace Guest House","City Name":"Harare","countryName":"Zimbabwe","countryCode":"ZW"},{"id":"H1177628","name":"Holiday Inn Bulawayo","City Name":"Bulawayo","countryName":"Zimbabwe","countryCode":"ZW"},{"id":"H1291843","name":"Glen Lorne Lodge","City Name":"Harare","countryName":"Zimbabwe","countryCode":"ZW"},{"id":"H1019105","name":"Pakanaka Lodge","City Name":"Harare","countryName":"Zimbabwe","countryCode":"ZW"},{"id":"H566015","name":"Sweet Holiday Homes","City Name":"Victoria Falls","countryName":"Zimbabwe","countryCode":"ZW"},{"id":"H1149608","name":"Bulawayo City Lodge","City Name":"Bulawayo","countryName":"Zimbabwe","countryCode":"ZW"},{"id":"H54623","name":"Stay Afrique Hotel","City Name":"Bulawayo","countryName":"Zimbabwe","countryCode":"ZW"},{"id":"H481952","name":"Northern Studio Suite","City Name":"Harare","countryName":"Zimbabwe","countryCode":"ZW"},{"id":"H217563","name":"Stones Throw Cottage","City Name":"Bulawayo","countryName":"Zimbabwe","countryCode":"ZW"},{"id":"H538813","name":"Southern Bell  -Operated by Protea Hotels","City Name":"Kariba","countryName":"Zimbabwe","countryCode":"ZW"},{"id":"H609051","name":"Rainbow Beitbridge Hotel","City Name":"Beitbridge","countryName":"Zimbabwe","countryCode":"ZW"},{"id":"H611311","name":"12 Fleetwood Lodge","City Name":"Harare","countryName":"Zimbabwe","countryCode":"ZW"},{"id":"H611984","name":"The N1 Hotel Harare","City Name":"Harare","countryName":"Zimbabwe","countryCode":"ZW"},{"id":"H465345","name":"A Hidden Gem","City Name":"Harare","countryName":"Zimbabwe","countryCode":"ZW"},{"id":"H228020","name":"The Kingdom At Victoria Falls","City Name":"Victoria Falls","countryName":"Zimbabwe","countryCode":"ZW"},{"id":"H1164860","name":"Ganda Lodge","City Name":"Dete","countryName":"Zimbabwe","countryCode":"ZW"},{"id":"H493590","name":"Singita Pamushana Lodge","City Name":"Buffalo Range","countryName":"Zimbabwe","countryCode":"ZW"},{"id":"H344188","name":"Arikho Suites","City Name":"Bulawayo","countryName":"Zimbabwe","countryCode":"ZW"},{"id":"H35520","name":"Horizon Inn","City Name":"Harare","countryName":"Zimbabwe","countryCode":"ZW"},{"id":"H1167450","name":"Regency Lodge Panyanda","City Name":"Masvingo","countryName":"Zimbabwe","countryCode":"ZW"},{"id":"HGRNC9380dd3f392a4b8db35b26e67e2cdbbd","name":"Wild Geese Lodge","City Name":"Harare","countryName":"Zimbabwe","countryCode":"ZW"},{"id":"HGRNC2baa32e4b529438f878956e40608d6dc","name":"Mambo Backpakers","City Name":"Victoria Falls","countryName":"Zimbabwe","countryCode":"ZW"},{"id":"H629450","name":"Eden Lodges","City Name":"Mutare","countryName":"Zimbabwe","countryCode":"ZW"},{"id":"H814351","name":"Cresta Sprayview","City Name":"Victoria Falls","countryName":"Zimbabwe","countryCode":"ZW"},{"id":"H1150936","name":"Kadoma Hotel And Conference Center","City Name":"Kadoma","countryName":"Zimbabwe","countryCode":"ZW"},{"id":"H952947","name":"Number Eighteen Exclusive Guest Lodge","City Name":"Harare","countryName":"Zimbabwe","countryCode":"ZW"},{"id":"H954818","name":"The Harare Club","City Name":"Harare","countryName":"Zimbabwe","countryCode":"ZW"},{"id":"H814531","name":"The Victoria Falls Hotel","City Name":"Victoria Falls","countryName":"Zimbabwe","countryCode":"ZW"},{"id":"HGRNC044a6661d5b345c2bd0c268cc67b0c39","name":"Flamboyant Place","City Name":"Harare","countryName":"Zimbabwe","countryCode":"ZW"},{"id":"HGRNCec17237d3cb54247a540cc8f1d9610ba","name":"Infinitehomes","City Name":"Bulawayo","countryName":"Zimbabwe","countryCode":"ZW"},{"id":"H915159","name":"Hillside Manor","City Name":"Bulawayo","countryName":"Zimbabwe","countryCode":"ZW"},{"id":"H52682","name":"Ilala Lodge Hotel","City Name":"Victoria Falls","countryName":"Zimbabwe","countryCode":"ZW"},{"id":"HGRNC275404961f1d4edab0b8118d700da2ea","name":"Dawns Marlborough Apartment","City Name":"Harare","countryName":"Zimbabwe","countryCode":"ZW"},{"id":"HGRNC43114c092e6841fb9190d3fdc2930667","name":"Hornbill Lodge","City Name":"Kariba","countryName":"Zimbabwe","countryCode":"ZW"},{"id":"H812682","name":"Tatenda Safaris","City Name":"Victoria Falls","countryName":"Zimbabwe","countryCode":"ZW"},{"id":"H1145387","name":"Musangano Lodge","City Name":"Mutare","countryName":"Zimbabwe","countryCode":"ZW"},{"id":"H612254","name":"Holiday Inn - Harare","City Name":"Harare","countryName":"Zimbabwe","countryCode":"ZW"},{"id":"H955801","name":"Art Lodges","City Name":"Harare","countryName":"Zimbabwe","countryCode":"ZW"},{"id":"H952560","name":"Ballantynes Lodge","City Name":"Harare","countryName":"Zimbabwe","countryCode":"ZW"},{"id":"H611809","name":"Coghlan Villa Guest House","City Name":"Harare","countryName":"Zimbabwe","countryCode":"ZW"},{"id":"HGRNC749b989f82454ed086b25ddf97bcf9ca","name":"Northern Studio Suite","City Name":"Harare","countryName":"Zimbabwe","countryCode":"ZW"},{"id":"H883109","name":"Retreat Lodge and Conference Centre","City Name":"Bulawayo","countryName":"Zimbabwe","countryCode":"ZW"},{"id":"H814074","name":"The Stanley and Livingstone Boutique Hotel","City Name":"Victoria Falls","countryName":"Zimbabwe","countryCode":"ZW"},{"id":"H1268872","name":"Victoria Falls Safari Lodge","City Name":"Victoria Falls","countryName":"Zimbabwe","countryCode":"ZW"},{"id":"H1201763","name":"Regency Hotel Flamboyant","City Name":"Masvingo","countryName":"Zimbabwe","countryCode":"ZW"},{"id":"HGRNC687dfd5985c447b3b63aed6b3942a10e","name":"848 Guest House","City Name":"Victoria Falls","countryName":"Zimbabwe","countryCode":"ZW"},{"id":"R6267100","name":"Marula","City Name":"Undefined","countryName":"Zimbabwe","countryCode":"ZW"},{"id":"R965837443","name":"Chinhoyi","City Name":"Undefined","countryName":"Zimbabwe","countryCode":"ZW"},{"id":"R6290049","name":"Kotwa","City Name":"Undefined","countryName":"Zimbabwe","countryCode":"ZW"},{"id":"HGRNCa3c11964a62a4435836f6f5032b2e768","name":"Bushman Rock Safaris","City Name":"Harare","countryName":"Zimbabwe","countryCode":"ZW"},{"id":"HGRNC6ccc8fce9ff840218fe481c10cb136a0","name":"Harare City 1-bed Apartment","City Name":"Harare","countryName":"Zimbabwe","countryCode":"ZW"},{"id":"H610944","name":"Daisy's Guest House","City Name":"Harare","countryName":"Zimbabwe","countryCode":"ZW"},{"id":"H1206368","name":"The Pumpkin Hotel","City Name":"Kotwa","countryName":"Zimbabwe","countryCode":"ZW"},{"id":"H1196531","name":"Elephant's Eye, Hwange","City Name":"Dete","countryName":"Zimbabwe","countryCode":"ZW"},{"id":"R6117245","name":"Chimanimani National Park","City Name":"Undefined","countryName":"Zimbabwe","countryCode":"ZW"},{"id":"R6117253","name":"Mana Pools National Park","City Name":"Undefined","countryName":"Zimbabwe","countryCode":"ZW"},{"id":"R6117255","name":"Matobo National Park","City Name":"Undefined","countryName":"Zimbabwe","countryCode":"ZW"},{"id":"R6117265","name":"Great Zimbabwe National Monument","City Name":"Undefined","countryName":"Zimbabwe","countryCode":"ZW"},{"id":"R6117287","name":"African Unity Square","City Name":"Undefined","countryName":"Zimbabwe","countryCode":"ZW"},{"id":"R6117297","name":"St. John's College","City Name":"Undefined","countryName":"Zimbabwe","countryCode":"ZW"},{"id":"R6117307","name":"Chapman Golf Club","City Name":"Undefined","countryName":"Zimbabwe","countryCode":"ZW"},{"id":"R6117309","name":"Wingate Golf Club","City Name":"Undefined","countryName":"Zimbabwe","countryCode":"ZW"},{"id":"R965846415","name":"Victoria Falls Airport","City Name":"Undefined","countryName":"Zimbabwe","countryCode":"ZW"},{"id":"R6270576","name":"Borrowdale Brooke Golf Club","City Name":"Undefined","countryName":"Zimbabwe","countryCode":"ZW"},{"id":"R6290059","name":"Mutoko Ruins","City Name":"Undefined","countryName":"Zimbabwe","countryCode":"ZW"},{"id":"R6290061","name":"Ruchera Cave","City Name":"Undefined","countryName":"Zimbabwe","countryCode":"ZW"},{"id":"R6168502","name":"Zambezi National Park","City Name":"Undefined","countryName":"Zimbabwe","countryCode":"ZW"},{"id":"H60845","name":"Camp Amalinda","City Name":"Matopos","countryName":"Zimbabwe","countryCode":"ZW"},{"id":"H579903","name":"Glen Lodge & Tours","City Name":"Bulawayo","countryName":"Zimbabwe","countryCode":"ZW"},{"id":"H365896","name":"Golden Mile Hotel","City Name":"Kwekwe","countryName":"Zimbabwe","countryCode":"ZW"},{"id":"H1047055","name":"Unique Bed and breakfast","City Name":"Harare","countryName":"Zimbabwe","countryCode":"ZW"},{"id":"H318715","name":"The Grey's Inn","City Name":"Bulawayo","countryName":"Zimbabwe","countryCode":"ZW"},{"id":"H550107","name":"Ebuhleni Guest Lodge","City Name":"Bulawayo","countryName":"Zimbabwe","countryCode":"ZW"},{"id":"H514237","name":"Sable Sands","City Name":"Dete","countryName":"Zimbabwe","countryCode":"ZW"},{"id":"H699171","name":"The Crown Inn Lodge","City Name":"Harare","countryName":"Zimbabwe","countryCode":"ZW"},{"id":"H720641","name":"Farmhouse Lodge Matopos","City Name":"Matopos","countryName":"Zimbabwe","countryCode":"ZW"},{"id":"H551213","name":"Madrugada Magic","City Name":"Mutare","countryName":"Zimbabwe","countryCode":"ZW"},{"id":"H1220890","name":"Big Cave Camp - Lodge On The Rocks","City Name":"Matopos","countryName":"Zimbabwe","countryCode":"ZW"},{"id":"H1048505","name":"Hippo Creek Lodge","City Name":"Masvingo","countryName":"Zimbabwe","countryCode":"ZW"},{"id":"H227051","name":"The Tree Lodge at Sikumi","City Name":"Dete","countryName":"Zimbabwe","countryCode":"ZW"},{"id":"H557618","name":"Highlands Lodges and Apartments","City Name":"Harare","countryName":"Zimbabwe","countryCode":"ZW"},{"id":"H611160","name":"Million Foot Executive Lodge, Harare","City Name":"Harare","countryName":"Zimbabwe","countryCode":"ZW"},{"id":"H630192","name":"Palm villa","City Name":"Harare","countryName":"Zimbabwe","countryCode":"ZW"},{"id":"H27689","name":"Hwange Safari Lodge","City Name":"Hwange","countryName":"Zimbabwe","countryCode":"ZW"},{"id":"H560398","name":"Harare City 1-bed Apartment","City Name":"Harare","countryName":"Zimbabwe","countryCode":"ZW"},{"id":"H144626","name":"Shashani Lodge","City Name":"Marula","countryName":"Zimbabwe","countryCode":"ZW"},{"id":"H1291814","name":"Rushando","City Name":"Harare","countryName":"Zimbabwe","countryCode":"ZW"},{"id":"H1140192","name":"The Hide Safari Camp","City Name":"Gwayi River Farms","countryName":"Zimbabwe","countryCode":"ZW"},{"id":"H1140640","name":"Hwange Safari Lodge","City Name":"Dete","countryName":"Zimbabwe","countryCode":"ZW"},{"id":"H1032806","name":"Islands of Siankaba","City Name":"Victoria Falls","countryName":"Zimbabwe","countryCode":"ZW"},{"id":"H315963","name":"Victoria Falls Backpackers","City Name":"Victoria Falls","countryName":"Zimbabwe","countryCode":"ZW"},{"id":"H147899","name":"Woodlands Guest Lodge","City Name":"Harare","countryName":"Zimbabwe","countryCode":"ZW"},{"id":"HGRNCfe56802242894070b56c0a0986b398a4","name":"Madrugada Magic","City Name":"Mutare","countryName":"Zimbabwe","countryCode":"ZW"},{"id":"R1406","name":"Gweru","City Name":"Undefined","countryName":"Zimbabwe","countryCode":"ZW"},{"id":"R6267097","name":"Matopos","City Name":"Undefined","countryName":"Zimbabwe","countryCode":"ZW"},{"id":"R965845332","name":"Mahenye","City Name":"Undefined","countryName":"Zimbabwe","countryCode":"ZW"},{"id":"HGRNC88532ccc2b624976b4dab43504538e51","name":"Shearwater Explorers Village","City Name":"Victoria Falls","countryName":"Zimbabwe","countryCode":"ZW"},{"id":"HGRNC64715195aa774927b9bdf758280e43f1","name":"Masuwe Lodge","City Name":"Victoria Falls","countryName":"Zimbabwe","countryCode":"ZW"},{"id":"R965844161","name":"Chipinge","City Name":"Undefined","countryName":"Zimbabwe","countryCode":"ZW"},{"id":"HGRNCc0888fedb45d44a9a2428b8b78edb6e9","name":"Manna Resorts","City Name":"Harare","countryName":"Zimbabwe","countryCode":"ZW"},{"id":"H104448","name":"Cresta Lodge - Harare","City Name":"Harare","countryName":"Zimbabwe","countryCode":"ZW"},{"id":"RGRNC372aadb273c6451790035d1320943f07","name":"Hwange National Park","City Name":"Undefined","countryName":"Zimbabwe","countryCode":"ZW"},{"id":"HGRNCe38d7c277e834159a9747d9bf909a764","name":"Breeze Guest House","City Name":"Bulawayo","countryName":"Zimbabwe","countryCode":"ZW"},{"id":"HGRNC9976b5694dbe44b29c30fd40456bba42","name":"Borrowdale Ground Floor with Poolview","City Name":"Harare","countryName":"Zimbabwe","countryCode":"ZW"},{"id":"R1511","name":"Harare","City Name":"Undefined","countryName":"Zimbabwe","countryCode":"ZW"},{"id":"R180907","name":"Nyanga","City Name":"Undefined","countryName":"Zimbabwe","countryCode":"ZW"},{"id":"HGRNC4c3bda11c38046059347b380c2aec94c","name":"Sweet Holiday Homes","City Name":"Victoria Falls","countryName":"Zimbabwe","countryCode":"ZW"},{"id":"HGRNCcc883683f3704377a8ded0c971de526f","name":"Old Drift Lodge","City Name":"Victoria Falls","countryName":"Zimbabwe","countryCode":"ZW"},{"id":"H812907","name":"The Victoria Falls Deluxe Suites","City Name":"Victoria Falls","countryName":"Zimbabwe","countryCode":"ZW"},{"id":"HGRNC39a0a4d7fc11466691bc6c035ec498b0","name":"Lalani Hotel and Conference Centre","City Name":"Bulawayo","countryName":"Zimbabwe","countryCode":"ZW"},{"id":"HGRNC9396bb8e2ac44f7d86b3bc62b4478818","name":"6 Victoria","City Name":"Harare","countryName":"Zimbabwe","countryCode":"ZW"},{"id":"H1208301","name":"Bulawayo Rainbow Hotel","City Name":"Bulawayo","countryName":"Zimbabwe","countryCode":"ZW"},{"id":"HGRNC2ca0042629f4485fa59fb48f7f51536c","name":"Villa Franca","City Name":"Harare","countryName":"Zimbabwe","countryCode":"ZW"},{"id":"H557427","name":"Gordon's on 125 First Street","City Name":"Mutare","countryName":"Zimbabwe","countryCode":"ZW"},{"id":"HGRNC5299b567ea434ca7a6eaa8552e5e18d3","name":"Matobo Hills Lodge","City Name":"Bulawayo","countryName":"Zimbabwe","countryCode":"ZW"},{"id":"HGRNCc1cd82e9233e4c088fef82d2eb4e5735","name":"Greendale Dawnhill Cottage","City Name":"Harare","countryName":"Zimbabwe","countryCode":"ZW"},{"id":"HGRNC54738ad932d346ecacef10d5519d1c4d","name":"Cana Guest House","City Name":"Harare","countryName":"Zimbabwe","countryCode":"ZW"},{"id":"HGRNC7d9577b26851424cb4079c4a7097d51b","name":"Inn On The Vumba","City Name":"Mutare","countryName":"Zimbabwe","countryCode":"ZW"},{"id":"H229058","name":"Wild Trekkers Lodge","City Name":"Victoria Falls","countryName":"Zimbabwe","countryCode":"ZW"},{"id":"H814144","name":"Victoria Falls Safari Club","City Name":"Victoria Falls","countryName":"Zimbabwe","countryCode":"ZW"},{"id":"H813580","name":"Victoria Falls Safari Suites","City Name":"Victoria Falls","countryName":"Zimbabwe","countryCode":"ZW"},{"id":"R6206280","name":"Nenyunka","City Name":"Undefined","countryName":"Zimbabwe","countryCode":"ZW"},{"id":"R6206250","name":"Matibis","City Name":"Undefined","countryName":"Zimbabwe","countryCode":"ZW"},{"id":"R6290677","name":"Mutoko","City Name":"Undefined","countryName":"Zimbabwe","countryCode":"ZW"},{"id":"H813667","name":"A'Zambezi River Lodge","City Name":"Victoria Falls","countryName":"Zimbabwe","countryCode":"ZW"},{"id":"HGRNCdaac52f1ac374456841754766c0fcd66","name":"Lolos Apartments","City Name":"Harare","countryName":"Zimbabwe","countryCode":"ZW"},{"id":"HGRNCeb19e77259fb4449b98af261d2894450","name":"Stephen Margolis Resort","City Name":"Harare","countryName":"Zimbabwe","countryCode":"ZW"},{"id":"R6117259","name":"Nyanga National Park","City Name":"Undefined","countryName":"Zimbabwe","countryCode":"ZW"},{"id":"R6117269","name":"City Hall","City Name":"Undefined","countryName":"Zimbabwe","countryCode":"ZW"},{"id":"R6117275","name":"Centenary Park","City Name":"Undefined","countryName":"Zimbabwe","countryCode":"ZW"},{"id":"R6117279","name":"Eastgate Centre","City Name":"Undefined","countryName":"Zimbabwe","countryCode":"ZW"},{"id":"R6117301","name":"National Art Gallery","City Name":"Undefined","countryName":"Zimbabwe","countryCode":"ZW"},{"id":"R724","name":"Bulawayo","City Name":"Undefined","countryName":"Zimbabwe","countryCode":"ZW"},{"id":"H493977","name":"Nesbitt Castle","City Name":"Bulawayo","countryName":"Zimbabwe","countryCode":"ZW"},{"id":"R6191615","name":"Kyle Game Park","City Name":"Undefined","countryName":"Zimbabwe","countryCode":"ZW"},{"id":"R965846659","name":"Harare International Airport","City Name":"Undefined","countryName":"Zimbabwe","countryCode":"ZW"},{"id":"R965846899","name":"Bulawayo Airport","City Name":"Undefined","countryName":"Zimbabwe","countryCode":"ZW"},{"id":"R6270574","name":"Sam Levy's Village","City Name":"Undefined","countryName":"Zimbabwe","countryCode":"ZW"}]