[{"id":"HGRNC4dccdc3c0b8e4915b383f381ac1618cd","name":"Studio Relax","City Name":"Dakhla (Dajla)","countryName":"Western Sahara","countryCode":"EH"},{"id":"HGRNC386af648cfca4ffba8059bde9fca0a5d","name":"Dar Rio Oro","City Name":"Dakhla (Dajla)","countryName":"Western Sahara","countryCode":"EH"},{"id":"HGRNC1eb4a79829754a879f5c41a8250e8734","name":"Dakhla Club Hotel & Spa","City Name":"Dakhla (Dajla)","countryName":"Western Sahara","countryCode":"EH"},{"id":"HGRNC71b1afccc9c64f77a455d152d039f3f5","name":"Inyan Dakhla Hotel","City Name":"Dakhla (Dajla)","countryName":"Western Sahara","countryCode":"EH"},{"id":"HGRNC88be021396414a5b90fd038065ee86d7","name":"Hotel Albaraka","City Name":"Dakhla (Dajla)","countryName":"Western Sahara","countryCode":"EH"},{"id":"HGRNC99d0b2e3e399456fb4b4e424d27f7685","name":"Residence Sahel","City Name":"Dakhla (Dajla)","countryName":"Western Sahara","countryCode":"EH"},{"id":"HGRNC1fd1cb8a30cb46078ded8833b10d24cb","name":"Dar Dakhla","City Name":"Dakhla (Dajla)","countryName":"Western Sahara","countryCode":"EH"},{"id":"HGRNCee26632c452e4d499e9512292db22483","name":"Residence Malak Ikamati","City Name":"Dakhla (Dajla)","countryName":"Western Sahara","countryCode":"EH"},{"id":"HGRNCaabcc32c21834e63875518c3f404b264","name":"Residence Marhaba","City Name":"Dakhla (Dajla)","countryName":"Western Sahara","countryCode":"EH"},{"id":"RGRNC90aad136029b4e4d87d8ca2f496655ea","name":"Dakhla (Dajla)","City Name":"Undefined","countryName":"Western Sahara","countryCode":"EH"},{"id":"HGRNC0d041b598c5849de9a66aa463ffef86b","name":"Bab Al Bahar Hotel & Spa","City Name":"Dakhla (Dajla)","countryName":"Western Sahara","countryCode":"EH"},{"id":"HGRNC4cb91097a62f42d281b6d853a83f25fe","name":"Dakhla Sur Mer Hotel","City Name":"Dakhla (Dajla)","countryName":"Western Sahara","countryCode":"EH"},{"id":"HGRNCd164e465a23c419eb937001d62ea1c81","name":"Alfakhama","City Name":"Dakhla (Dajla)","countryName":"Western Sahara","countryCode":"EH"}]